{
  "hotkey": "Ctrl+F",
  "recognition_regions": {
    "2052x1583": {
      "name": [
        0.658343,
        0.101471,
        0.157775,
        0.038235
      ],
      "trait": [
        0.645857,
        0.523529,
        0.098751,
        0.029412
      ],
      "nature": [
        0.362089,
        0.417647,
        0.278093,
        0.217647
      ]
    },
    "2560x1600": {
      "name": [
        0.659007,
        0.091176,
        0.157169,
        0.045588
      ],
      "trait": [
        0.645221,
        0.614706,
        0.099265,
        0.032353
      ],
      "nature": [
        0.361213,
        0.382353,
        0.277574,
        0.266176
      ]
    },
    "2052x1199": {
      "name": [
        0.659821,
        0.134557,
        0.15625,
        0.04893
      ],
      "trait": [
        0.641964,
        0.69419,
        0.108036,
        0.033639
      ],
      "nature": [
        0.361607,
        0.391437,
        0.277679,
        0.288991
      ]
    },
    "1924x1487": {
      "name": [
        0.658703,
        0.102941,
        0.158134,
        0.039706
      ],
      "trait": [
        0.642776,
        0.525,
        0.105802,
        0.029412
      ],
      "nature": [
        0.361775,
        0.423529,
        0.276451,
        0.213235
      ]
    },
    "1924x1247": {
      "name": [
        0.659676,
        0.123529,
        0.156339,
        0.047059
      ],
      "trait": [
        0.64633,
        0.626471,
        0.101049,
        0.032353
      ],
      "nature": [
        0.361296,
        0.402941,
        0.279314,
        0.258824
      ]
    },
    "1924x1127": {
      "name": [
        0.661607,
        0.13872,
        0.153571,
        0.045732
      ],
      "trait": [
        0.646429,
        0.692073,
        0.100893,
        0.03811
      ],
      "nature": [
        0.361607,
        0.393293,
        0.278571,
        0.283537
      ]
    },
    "1684x1097": {
      "name": [
        0.660594,
        0.129412,
        0.15628,
        0.042647
      ],
      "trait": [
        0.643337,
        0.629412,
        0.110259,
        0.032353
      ],
      "nature": [
        0.361457,
        0.404412,
        0.277085,
        0.260294
      ]
    },
    "1604x1247": {
      "name": [
        0.660183,
        0.108824,
        0.156751,
        0.039706
      ],
      "trait": [
        0.643021,
        0.529412,
        0.107551,
        0.025
      ],
      "nature": [
        0.3627,
        0.420588,
        0.2746,
        0.219118
      ]
    },
    "1604x947": {
      "name": [
        0.659821,
        0.143722,
        0.158036,
        0.048411
      ],
      "trait": [
        0.644643,
        0.697428,
        0.099107,
        0.033283
      ],
      "nature": [
        0.360714,
        0.397882,
        0.279464,
        0.282905
      ]
    },
    "1444x1127": {
      "name": [
        0.660161,
        0.113235,
        0.15729,
        0.036765
      ],
      "trait": [
        0.642939,
        0.532353,
        0.10333,
        0.025
      ],
      "nature": [
        0.361653,
        0.423529,
        0.277842,
        0.214706
      ]
    },
    "1444x947": {
      "name": [
        0.659266,
        0.135294,
        0.157336,
        0.042647
      ],
      "trait": [
        0.644788,
        0.632353,
        0.105212,
        0.030882
      ],
      "nature": [
        0.361969,
        0.408824,
        0.277027,
        0.254412
      ]
    },
    "1370x815": {
      "name": [
        0.658036,
        0.15015,
        0.159821,
        0.04955
      ],
      "trait": [
        0.641071,
        0.696697,
        0.108036,
        0.034535
      ],
      "nature": [
        0.361607,
        0.399399,
        0.277679,
        0.283784
      ]
    },
    "1364x815": {
      "name": [
        0.658929,
        0.147982,
        0.157143,
        0.049327
      ],
      "trait": [
        0.64375,
        0.696562,
        0.108036,
        0.032885
      ],
      "nature": [
        0.361607,
        0.399103,
        0.276786,
        0.281016
      ]
    },
    "1284x1007": {
      "name": [
        0.658593,
        0.116176,
        0.156863,
        0.038235
      ],
      "trait": [
        0.643599,
        0.532353,
        0.10496,
        0.026471
      ],
      "nature": [
        0.363322,
        0.426471,
        0.27451,
        0.216176
      ]
    },
    "1284x847": {
      "name": [
        0.662136,
        0.138235,
        0.15534,
        0.045588
      ],
      "trait": [
        0.64466,
        0.633824,
        0.104854,
        0.033824
      ],
      "nature": [
        0.362136,
        0.410294,
        0.27767,
        0.254412
      ]
    },
    "1284x815": {
      "name": [
        0.661998,
        0.144118,
        0.157796,
        0.045588
      ],
      "trait": [
        0.643324,
        0.655882,
        0.110177,
        0.036765
      ],
      "nature": [
        0.362278,
        0.410294,
        0.276377,
        0.264706
      ]
    },
    "1284x767": {
      "name": [
        0.659821,
        0.152466,
        0.157143,
        0.049327
      ],
      "trait": [
        0.642857,
        0.699552,
        0.101786,
        0.03438
      ],
      "nature": [
        0.361607,
        0.400598,
        0.277679,
        0.282511
      ]
    },
    "1180x711": {
      "name": [
        0.660714,
        0.154303,
        0.15625,
        0.051929
      ],
      "trait": [
        0.641071,
        0.697329,
        0.108929,
        0.035608
      ],
      "nature": [
        0.361607,
        0.402077,
        0.275893,
        0.275964
      ]
    },
    "1156x911": {
      "name": [
        0.657773,
        0.117647,
        0.158933,
        0.042647
      ],
      "trait": [
        0.646172,
        0.532353,
        0.102088,
        0.030882
      ],
      "nature": [
        0.360789,
        0.426471,
        0.278422,
        0.213235
      ]
    },
    "1028x815": {
      "name": [
        0.659277,
        0.123529,
        0.157526,
        0.042647
      ],
      "trait": [
        0.641774,
        0.535294,
        0.107351,
        0.030882
      ],
      "nature": [
        0.362894,
        0.432353,
        0.275379,
        0.210294
      ]
    },
    "804x647": {
      "name": [
        0.656716,
        0.139104,
        0.15796,
        0.03864
      ],
      "trait": [
        0.643035,
        0.540958,
        0.105721,
        0.030912
      ],
      "nature": [
        0.36194,
        0.438949,
        0.277363,
        0.205564
      ]
    },
    "724x623": {
      "name": [
        0.65884,
        0.163724,
        0.15884,
        0.036918
      ],
      "trait": [
        0.645028,
        0.542536,
        0.104972,
        0.025682
      ],
      "nature": [
        0.361878,
        0.446228,
        0.279006,
        0.197432
      ]
    },
    "724x527": {
      "name": [
        0.65884,
        0.159393,
        0.157459,
        0.045541
      ],
      "trait": [
        0.643646,
        0.607211,
        0.10221,
        0.030361
      ],
      "nature": [
        0.36326,
        0.43833,
        0.276243,
        0.229602
      ]
    },
    "644x527": {
      "name": [
        0.658385,
        0.149905,
        0.158385,
        0.039848
      ],
      "trait": [
        0.641304,
        0.550285,
        0.11646,
        0.028463
      ],
      "nature": [
        0.363354,
        0.447818,
        0.273292,
        0.206831
      ]
    },
    "3840x2160": {
      "name": [
        0.659821,
        0.101587,
        0.159821,
        0.052381
      ],
      "trait": [
        0.645536,
        0.68254,
        0.110714,
        0.039683
      ],
      "nature": [
        0.360714,
        0.368254,
        0.280357,
        0.301587
      ]
    },